ID,data,data_dados,confirmados,confirmados_arsnorte,confirmados_arscentro,confirmados_arslvt,confirmados_arsalentejo,confirmados_arsalgarve,confirmados_acores,confirmados_madeira,confirmados_estrangeiro,confirmados_novos,recuperados,obitos,internados,internados_uci,lab,suspeitos,vigilancia,n_confirmados,cadeias_transmissao,transmissao_importada,confirmados_0_9_f,confirmados_0_9_m,confirmados_10_19_f,confirmados_10_19_m,confirmados_20_29_f,confirmados_20_29_m,confirmados_30_39_f,confirmados_30_39_m,confirmados_40_49_f,confirmados_40_49_m,confirmados_50_59_f,confirmados_50_59_m,confirmados_60_69_f,confirmados_60_69_m,confirmados_70_79_f,confirmados_70_79_m,confirmados_80_plus_f,confirmados_80_plus_m,sintomas_tosse,sintomas_febre,sintomas_dificuldade_respiratoria,sintomas_cefaleia,sintomas_dores_musculares,sintomas_fraqueza_generalizada,confirmados_f,confirmados_m,obitos_arsnorte,obitos_arscentro,obitos_arslvt,obitos_arsalentejo,obitos_arsalgarve,obitos_acores,obitos_madeira,obitos_estrangeiro,recuperados_arsnorte,recuperados_arscentro,recuperados_arslvt,recuperados_arsalentejo,recuperados_arsalgarve,recuperados_acores,recuperados_madeira,recuperados_estrangeiro,obitos_0_9_f,obitos_0_9_m,obitos_10_19_f,obitos_10_19_m,obitos_20_29_f,obitos_20_29_m,obitos_30_39_f,obitos_30_39_m,obitos_40_49_f,obitos_40_49_m,obitos_50_59_f,obitos_50_59_m,obitos_60_69_f,obitos_60_69_m,obitos_70_79_f,obitos_70_79_m,obitos_80_plus_f,obitos_80_plus_m,obitos_f,obitos_m,confirmados_desconhecidos_m,confirmados_desconhecidos_f,ativos,internados_enfermaria,confirmados_desconhecidos,incidencia_nacional,incidencia_continente,rt_nacional,rt_continente
225,07/10/2020,07/10/2020 00:00,81256,29469,6561,41225,1595,1862,287,257,,944,51037,2040,764,104,,,46023,,,,1630,1833,2463,2221,6882,6162,7029,6273,7264,5965,6582,5198,4171,3869,2871,2590,5382,2671,,,,,,,44371,36885,900,269,811,25,20,15,0,,,,,,,,,,1,0,0,0,1,1,3,2,10,13,19,44,60,118,156,246,767,599,1017,1023,,,28179,660,0,,,,
226,08/10/2020,08/10/2020 00:00,82534,30111,6662,41707,1604,1892,291,267,,1278,51517,2050,801,115,,,46182,,,,1661,1878,2519,2277,6987,6276,7141,6371,7379,6069,6675,5281,4234,3930,2899,2623,5428,2706,,,,,,,45020,37514,905,271,814,25,20,15,0,,,,,,,,,,1,0,0,0,1,1,3,2,10,13,19,44,60,118,156,247,770,605,1020,1030,,,28967,686,0,,,,
227,09/10/2020,09/10/2020 00:00,83928,30800,6758,42266,1615,1923,294,272,,1394,52164,2062,811,125,,,47721,,,,1689,1908,2581,2345,7127,6411,7255,6469,7528,6187,6791,5361,4298,3996,2931,2653,5464,2733,,,,,,,45762,38166,908,272,822,25,20,15,0,,,,,,,,,,1,0,0,0,1,1,3,2,10,13,19,44,61,118,156,247,779,607,1030,1032,,,29702,686,0,,,,
228,10/10/2020,10/10/2020 00:00,85574,31720,6913,42812,1623,1931,296,279,,1646,52803,2067,831,122,,,47602,,,,1720,1935,2677,2439,7292,6562,7388,6609,7674,6291,6925,5458,4381,4071,2987,2695,5508,2777,,,,,,,46641,38933,910,272,824,25,21,15,0,,,,,,,,,,1,0,0,0,1,1,3,2,10,13,19,45,61,118,157,247,781,608,1033,1034,,,30704,709,0,,,,
229,11/10/2020,11/10/2020 00:00,86664,32345,6995,43141,1630,1974,295,284,,1090,53187,2080,843,124,,,48413,,,,1735,1951,2725,2488,7412,6666,7475,6693,7772,6343,7021,5515,4430,4113,3027,2731,5576,2805,,,,,,,47263,39401,916,272,830,26,21,15,0,,,,,,,,,,1,0,0,0,1,1,3,2,10,13,20,45,61,118,157,248,786,614,1039,1041,,,31397,719,0,,,,
230,12/10/2020,12/10/2020 00:00,87913,32947,7082,43646,1645,2001,298,294,,1249,53498,2094,877,128,,,48844,,,,1764,1986,2784,2543,7552,6802,7590,6776,7877,6420,7098,5583,4485,4158,3065,2771,5636,2837,,,,,,,47941,39972,924,272,836,26,21,15,0,,,,,,,,,,1,0,0,0,1,1,3,2,10,13,20,45,61,118,158,252,792,617,1046,1048,,,32321,749,0,,,,
231,13/10/2020,13/10/2020 00:00,89121,33660,7176,43986,1677,2025,300,297,,1208,54047,2110,916,132,,,50291,,,,1790,2013,2818,2590,7664,6908,7685,6872,7977,6522,7197,5665,4550,4214,3106,2813,5678,2874,,,,,,,48555,40566,929,273,846,26,21,15,0,,,,,,,,,,1,0,0,0,1,1,3,2,10,13,20,45,61,119,159,255,798,622,1053,1057,,,32964,784,0,,,,
232,14/10/2020,14/10/2020 00:00,91193,34661,7348,44788,1724,2067,305,300,,2072,54493,2117,957,135,,,50544,,,,1839,2058,2913,2695,7863,7093,7860,7013,8165,6680,7365,5792,4649,4309,3165,2872,5752,2927,,,,,,,49660,41533,932,273,850,26,21,15,0,,,,,,,,,,1,0,0,0,1,1,3,2,10,13,20,45,61,120,159,256,801,624,1056,1061,,,34583,822,0,,,,
233,15/10/2020,15/10/2020 00:00,93294,35807,7511,45521,1764,2080,306,305,,2101,55081,2128,993,139,,,51601,,,,1882,2098,3013,2785,8088,7317,8030,7185,8362,6849,7509,5930,4740,4389,3220,2918,5831,2968,,,,,,,50762,42532,934,275,857,26,21,15,0,,,,,,,,,,1,0,0,0,1,1,3,2,10,14,21,45,61,120,159,257,806,627,1062,1066,,,36085,854,0,,,,
234,16/10/2020,16/10/2020 00:00,95902,37157,7834,46246,1914,2124,310,317,,2608,56066,2149,1015,144,,,51784,,,,1929,2145,3123,2873,8341,7537,8259,7374,8603,7033,7712,6090,4864,4504,3301,2988,6042,3020,,,,,,,52253,43649,944,277,866,26,21,15,0,,,,,,,,,,1,0,0,0,1,1,3,2,11,14,21,45,61,123,160,260,810,636,1068,1081,,,37687,871,0,,,,
235,17/10/2020,17/10/2020 00:00,98055,38281,7983,47027,1956,2171,317,320,,2153,57919,2162,1012,148,,,52543,,,,1964,2189,3212,2968,8560,7729,8456,7539,8815,7177,7879,6224,4982,4604,3361,3038,6124,3068,,,,,,,53433,44622,950,277,871,27,22,15,0,,,,,,,,,,1,0,0,0,1,1,3,2,11,14,22,45,61,124,162,262,814,639,1075,1087,,,37974,864,0,,,,
236,18/10/2020,18/10/2020 00:00,99911,39449,8214,47412,1991,2199,318,328,,1856,59000,2181,1086,155,,,54851,,,,2003,2227,3302,3066,8727,7878,8599,7679,8996,7341,8038,6335,5091,4680,3421,3098,6170,3094,,,,,,,54427,45484,959,277,881,27,22,15,0,,,,,,,,,,1,0,0,0,1,1,3,2,11,14,22,45,63,127,163,267,817,644,1081,1100,,,38730,931,0,,,,
237,19/10/2020,19/10/2020 00:00,101860,40436,8347,48161,2026,2231,325,334,,1949,59966,2198,1174,165,,,55425,,,,2045,2274,3392,3160,8906,8059,8760,7816,9193,7487,8201,6477,5200,4767,3470,3151,6218,3127,,,,,,,55460,46400,971,279,884,27,22,15,0,,,,,,,,,,1,0,0,0,1,1,3,2,11,14,22,45,63,129,165,268,822,651,1088,1110,,,39696,1009,0,,,,
238,20/10/2020,20/10/2020 00:00,103736,41542,8546,48596,2113,2266,328,345,,1876,61898,2213,1237,176,,,56126,,,,2079,2308,3473,3243,9079,8224,8941,7940,9368,7631,8344,6602,5291,4849,3528,3211,6304,3163,,,,,,,56483,47253,976,281,890,29,22,15,0,,,,,,,,,,1,0,0,0,1,1,3,2,11,14,22,45,63,130,165,272,827,656,1093,1120,,,39625,1061,0,,,,
239,21/10/2020,21/10/2020 00:00,106271,42921,8743,49459,2163,2307,329,349,,2535,63238,2229,1272,187,,,55882,,,,2129,2363,3568,3367,9325,8422,9171,8119,9632,7828,8568,6751,5432,4956,3613,3274,6392,3201,,,,,,,57907,48364,980,283,898,30,23,15,0,,,,,,,,,,1,0,0,0,1,1,3,2,11,14,22,45,63,131,168,273,835,659,1104,1125,,,40804,1085,0,,,,
240,22/10/2020,22/10/2020 00:00,109541,44875,9024,50395,2219,2335,332,361,,3270,64531,2245,1365,200,,,55809,,,,2193,2442,3710,3524,9619,8704,9439,8337,9964,8052,8862,6944,5572,5098,3730,3365,6550,3276,,,,,,,59716,49825,987,285,904,31,23,15,0,,,,,,,,,,1,0,0,0,1,1,3,2,11,14,22,45,63,135,168,276,838,665,1107,1138,,,42765,1165,0,,,,
241,23/10/2020,23/10/2020 00:00,112440,46391,9388,51313,2272,2373,334,369,,2899,65880,2276,1418,198,,,57455,,,,2233,2502,3842,3634,9910,8996,9677,8530,10246,8240,9094,7113,5728,5235,3814,3441,6691,3348,,,,,,,61315,51125,1001,290,913,33,24,15,0,,,,,,,,,,1,0,0,0,1,1,3,2,11,14,22,45,64,137,171,277,849,678,1122,1154,,,44284,1220,0,,,,
242,24/10/2020,24/10/2020 00:00,116109,48603,9661,52340,2368,2427,338,372,,3669,67842,2297,1455,221,,,57024,,,,2292,2574,4020,3837,10242,9309,9973,8793,10600,8526,9368,7351,5890,5397,3911,3544,6868,3434,,,,,,,63252,52857,1012,291,919,35,35,15,0,,,,,,,,,,1,0,0,0,1,1,3,2,11,14,22,48,65,140,171,278,855,685,1129,1168,,,45970,1234,0,,,,
243,25/10/2020,25/10/2020 00:00,118686,50299,9951,52832,2412,2469,340,383,,2577,68877,2316,1574,230,,,58749,,,,2337,2633,4136,3948,10487,9556,10190,8980,10842,8721,9586,7519,6011,5512,3985,3605,6968,3484,,,,,,,64632,54054,1022,291,927,36,25,15,0,,,,,,,,,,1,0,0,0,1,2,3,2,11,14,22,48,65,140,171,280,861,695,1135,1181,,,47493,1344,0,,,,
244,26/10/2020,26/10/2020 00:00,121133,51932,10118,53412,2436,2496,345,394,,2447,69956,2343,1672,240,,,59631,,,,2375,2697,4245,4068,10710,9749,10420,9158,11078,8915,9818,7681,6121,5620,4060,3671,7034,3526,,,,,,,65952,55181,1030,296,940,37,25,15,0,,,,,,,,,,1,0,0,0,1,2,3,2,11,14,23,48,65,142,174,286,868,703,1146,1197,,,48834,1432,0,,,,
245,27/10/2020,27/10/2020 00:00,124432,54008,10319,54373,2448,2526,348,410,,3299,72344,2371,1747,253,,,60063,,,,2446,2747,4377,4222,11035,10044,10699,9383,11425,9121,10099,7898,6268,5760,4170,3761,7189,3601,,,,,,,67800,56632,1042,300,947,42,25,15,0,,,,,,,,,,1,0,0,0,1,2,3,2,11,14,23,49,65,143,175,292,880,710,1159,1212,,,49717,1494,0,,,,
246,28/10/2020,28/10/2020 00:00,128392,56122,10877,55478,2558,2579,353,425,,3960,74001,2395,1794,262,,,62457,,,,2519,2819,4556,4404,11373,10351,11050,9691,11815,9388,10453,8123,6463,5933,4296,3868,7401,3701,,,,,,,70018,58374,1053,304,955,43,25,15,0,,,,,,,,,,1,0,0,0,1,2,3,2,11,14,24,49,67,146,176,294,888,717,1171,1224,,,51996,1532,0,,,,
247,29/10/2020,29/10/2020 00:00,132616,58596,11401,56580,2608,2642,358,431,,4224,75702,2428,1834,269,,,64426,,,,2579,2914,4763,4607,11780,10689,11434,9979,12216,9695,10781,8386,6687,6122,4432,3989,7584,3795,,,,,,,72345,60271,1069,309,967,43,25,15,0,,,,,,,,,,1,0,0,0,1,2,3,2,11,14,24,50,67,148,179,300,900,726,1186,1242,,,54486,1565,0,,,,
248,30/10/2020,30/10/2020 00:00,137272,61427,11735,57937,2673,2699,366,435,,4656,77449,2468,1927,275,,,65305,,,,2681,3019,4986,4824,12237,11062,11853,10311,12662,10032,11144,8704,6920,6308,4558,4101,7801,3881,,,,,,,74934,62338,1088,312,980,46,27,15,0,,,,,,,,,,1,0,0,0,1,2,3,2,11,14,24,51,68,152,183,308,913,735,1204,1264,,,57355,1652,0,,,,
249,31/10/2020,31/10/2020 00:00,141279,63327,12287,59343,2734,2779,369,440,,4007,80280,2507,1972,286,,,64514,,,,2765,3099,5194,5005,12589,11377,12203,10571,13077,10297,11452,8949,7094,6516,4679,4219,8022,3983,,,,,,,77168,64111,1111,314,992,47,28,15,0,,,,,,,,,,1,0,0,0,1,2,3,2,11,14,24,51,69,155,185,311,926,752,1220,1287,,,58492,1686,0,,,,
250,01/11/2020,01/11/2020 00:00,144341,64943,12717,60219,2808,2838,370,446,,3062,81771,2544,2122,284,,,64805,,,,2840,3177,5329,5154,12864,11587,12437,10379,13365,10522,11721,9147,7257,6681,4771,4322,8181,4059,,,,,,,78858,65483,1131,317,1004,49,28,15,0,,,,,,,,,,1,0,0,0,1,2,3,2,11,14,24,53,71,155,189,316,942,760,1242,1302,,,60026,1838,0,,,,
251,02/11/2020,02/11/2020 00:00,146847,66145,13050,61064,2854,2904,371,459,,2506,83294,2590,2255,294,,,66428,,,,2898,3246,5439,5250,13069,11772,12643,10913,13596,10684,11918,9286,7384,6815,4853,4406,8337,4150,,,,,,,80230,66617,1151,323,1021,50,29,15,1,,,,,,,,,,1,0,0,0,1,2,3,2,11,14,24,54,71,156,191,321,968,771,1270,1320,,,60963,1961,0,,,,
252,03/11/2020,03/11/2020 00:00,149443,67692,13342,61690,2911,2951,379,478,,2596,86589,2635,2349,320,,,65647,,,,2958,3315,5568,5360,13268,11955,12863,11077,13853,10873,12134,9442,7502,6948,4949,4497,8470,4223,,,,,,,81658,67785,1172,328,1039,51,29,15,1,,,,,,,,,,1,0,0,0,1,2,3,2,11,14,24,54,71,159,195,325,986,787,1292,1343,,,60219,2029,0,,,,
253,04/11/2020,04/11/2020 00:00,156940,72875,13860,63250,3031,3032,388,504,,7497,88946,2694,2337,325,,,65566,,,,3113,3475,5957,5737,13975,12555,13506,11677,14626,11454,12778,9973,7840,7258,5128,4668,8690,4341,,,,,,,85707,71233,1206,333,1057,53,29,15,1,,,,,,,,,,1,0,0,0,1,2,3,2,11,15,24,56,71,164,201,333,1006,804,1318,1376,,,65300,2012,0,,,,
254,05/11/2020,05/11/2020 00:00,161350,75455,14369,64374,3118,3129,394,511,,4410,91453,2740,2362,320,,,67442,,,,3211,3564,6188,5963,14336,12860,13879,12000,15102,11757,13172,10261,8047,7433,5270,4786,8884,4445,,,,,,,88184,73166,1223,341,1077,54,29,15,1,,,,,,,,,,1,0,0,0,1,2,3,2,12,15,24,58,72,167,206,336,1020,821,1339,1401,,,67157,2042,0,,,,
255,06/11/2020,06/11/2020 00:00,166900,78461,15045,65869,3312,3285,413,515,,5550,93754,2792,2425,340,,,79689,,,,3367,3733,6501,6245,14820,13269,14350,12361,15617,12151,13620,10638,8330,7660,5434,4927,9053,4545,,,,,,,91235,75665,1248,349,1090,60,29,15,1,,,,,,,,,,1,0,0,0,1,2,3,2,12,15,25,59,73,170,208,344,1037,840,1360,1432,,,70354,2085,0,,,,
256,07/11/2020,07/11/2020 00:00,173540,82361,15757,67725,3361,3367,435,534,,6640,97747,2848,2420,366,,,91350,,,,3538,3894,6853,6623,15380,13773,14885,12780,16244,12636,14231,11102,8622,7932,5638,5091,9359,4703,,,,,,,94876,78664,1279,352,1109,63,29,15,1,,,,,,,,,,1,0,0,0,1,2,3,2,12,15,26,60,74,173,213,349,1060,857,1390,1458,,,72945,2054,0,,,,
257,08/11/2020,08/11/2020 00:00,179324,86284,16347,68798,3452,3441,455,547,,5784,99781,2896,2522,378,,,90506,,,,3692,4062,7146,6919,15894,14180,15326,13175,16804,13109,14778,11489,8885,8178,5794,5231,9597,4811,,,,,,,98042,81282,1306,356,1123,65,30,15,1,,,,,,,,,,1,0,0,0,1,2,3,2,12,15,26,63,74,178,219,356,1075,869,1411,1485,,,76647,2144,0,,,,
258,09/11/2020,09/11/2020 00:00,183420,88549,16726,70015,3600,3501,471,558,,4096,102083,2959,2651,391,,,90088,,,,3812,4196,7362,7126,16219,14452,15695,13416,17196,13398,15124,11723,9057,8377,5938,5348,9800,4920,,,,,,,100334,83086,1339,361,1145,66,31,15,2,,,,,,,,,,1,0,0,0,1,2,3,2,12,16,27,65,75,182,222,360,1100,891,1441,1518,,,78378,2260,0,,,,
259,10/11/2020,10/11/2020 00:00,187237,91212,17016,70751,3641,3558,492,567,,3817,106878,3021,2742,382,,,90063,,,,3922,4303,7537,7304,16548,14717,15982,13644,17565,13666,15430,11981,9261,8566,6075,5470,9992,5016,,,,,,,102443,84794,1370,372,1162,69,31,15,2,,,,,,,,,,1,0,0,0,1,2,3,2,12,18,28,65,77,187,227,368,1120,910,1469,1552,,,77338,2360,0,,,,
260,11/11/2020,11/11/2020 00:00,192172,94057,17759,71936,3685,3638,513,584,,4935,110353,3103,2785,391,,,89107,,,,4047,4445,7759,7569,16949,15060,16419,13979,18087,14032,15832,12290,9503,8789,6231,5608,10189,5126,,,,,,,105147,87025,1414,389,1181,71,31,15,2,,,,,,,,,,1,0,0,0,1,2,3,2,12,18,28,66,78,187,232,378,1158,937,1513,1590,,,78716,2394,0,,,,
261,12/11/2020,12/11/2020 00:00,198011,97624,18508,73281,3741,3715,542,600,,5839,113689,3181,2794,383,,,89675,,,,4200,4619,8074,7894,17391,15472,16908,14371,18656,14455,16306,12689,9763,9033,6448,5783,10439,5253,,,,,,,108315,89696,1459,395,1206,73,31,15,2,,,,,,,,,,1,0,0,0,1,2,3,3,12,18,30,67,78,192,238,391,1189,956,1552,1629,,,81141,2411,0,,,,
262,13/11/2020,13/11/2020 00:00,204664,101685,19134,75014,3855,3801,561,614,,6653,117382,3250,2799,388,,,90425,,,,4414,4839,8454,8251,17964,15949,17422,14795,19341,14967,16862,13124,10103,9293,6640,5962,10661,5376,,,,,,,111986,92678,1491,403,1233,74,32,15,2,,,,,,,,,,1,0,0,0,1,2,3,3,12,18,31,68,84,195,243,401,1213,975,1588,1662,,,84032,2411,0,,,,
263,14/11/2020,14/11/2020 00:00,211266,105839,19849,76577,3907,3896,579,619,,6602,122517,3305,2798,413,,,91936,,,,4620,5052,8830,8627,18526,16427,17974,15214,19943,15451,17418,13523,10423,9574,6853,6139,10921,5502,,,,,,,115634,95632,1519,411,1250,76,32,15,2,,,,,,,,,,1,0,0,0,1,2,3,3,12,18,31,68,84,197,248,404,1240,993,1620,1685,,,85444,2385,0,,,,
264,15/11/2020,15/11/2020 00:00,217301,109861,20562,77714,3979,3954,605,626,,6035,125066,3381,2929,415,,,94604,,,,4791,5205,9146,8900,19011,16775,18456,15567,20536,15871,17959,13891,10719,9863,7056,6306,11324,5676,,,,,,,119124,98177,1563,422,1269,76,34,15,2,,,,,,,,,,1,0,0,0,1,2,3,3,13,18,31,69,86,202,259,411,1262,1020,1656,1725,,,88854,2514,0,,,,
265,16/11/2020,16/11/2020 00:00,225672,114025,21053,80809,4304,4173,614,694,,8371,142155,3472,3040,426,,,95354,,,,5031,5468,9559,9172,19231,16657,18835,15703,21046,16145,18436,14115,10953,10065,7193,6434,11518,5689,,,,,,,121802,99448,1607,433,1302,79,34,15,2,,,,,,,,,,1,0,0,0,1,2,3,3,13,18,32,72,87,209,265,422,1295,1049,1697,1775,,,80045,2614,4422,,,,
266,17/11/2020,17/11/2020 00:00,230124,116966,21406,81621,4547,4238,625,721,,4452,149445,3553,3028,431,,,80817,,,,5157,5623,9772,9392,19560,16940,19164,15963,21449,16438,18775,14423,11204,10291,7340,6551,11780,5806,,,,,,,124201,101427,1650,444,1323,83,36,15,2,,,,,,,,,,1,0,0,0,1,2,3,3,13,18,32,74,88,211,272,436,1330,1069,1740,1813,,,77126,2597,4496,,,,
267,18/11/2020,18/11/2020 00:00,236015,120157,22197,83258,4680,4357,644,722,,5891,153702,3632,3051,432,,,79627,,,,5327,5781,10070,9667,20023,17309,19641,16323,22018,16871,19297,14820,11500,10561,7510,6719,12066,5939,,,,,,,127452,103990,1697,454,1339,88,37,15,2,,,,,,,,,,1,0,0,0,1,2,3,3,13,20,32,74,92,213,274,443,1360,1101,1776,1856,,,78681,2619,4573,,,,
268,19/11/2020,19/11/2020 00:00,243009,124572,22921,84800,4825,4459,684,748,,6994,157924,3701,3017,458,,,80097,,,,5531,6019,10472,10067,20540,17755,20200,16762,22704,17399,19916,15279,11868,10882,7729,6913,12289,6054,,,,,,,131249,107130,1726,466,1363,89,40,15,2,,,,,,,,,,1,0,0,0,1,2,3,3,13,22,32,76,96,215,280,453,1378,1126,1804,1897,,,81384,2559,4630,,,,
269,20/11/2020,20/11/2020 00:00,249498,128202,23720,86605,4960,4549,713,749,,6489,163000,3762,3079,481,,,80409,,,,5723,6220,10825,10437,21022,18213,20736,17172,23293,17899,20419,15697,12186,11204,7923,7088,12563,6186,,,,,,,134690,110116,1759,478,1378,89,41,15,2,,,,,,,,,,1,0,0,0,1,2,3,3,13,23,32,80,97,218,286,462,1397,1144,1830,1932,,,82736,2598,4692,,,,
270,21/11/2020,21/11/2020 00:00,255970,132272,24376,88139,5057,4606,761,759,,6472,169379,3824,3025,485,,,80521,,,,5953,6439,11178,10776,21527,18619,21224,17542,23908,18324,20998,16130,12510,11522,8130,7283,12848,6326,,,,,,,138276,112961,1783,487,1401,94,42,15,2,,,,,,,,,,1,0,0,0,2,2,3,3,14,23,33,80,99,221,292,469,1413,1169,1857,1967,,,82767,2540,4733,,,,
271,22/11/2020,22/11/2020 00:00,260758,135363,25013,88983,5169,4679,779,772,,4788,172919,3897,3151,491,,,81667,,,,6110,6584,11408,11005,21845,18920,21589,17848,24344,18693,21410,16429,12785,11743,8290,7440,13104,6430,,,,,,,140885,115092,1822,499,1421,96,42,15,2,,,,,,,,,,1,0,0,0,2,2,3,3,14,23,33,81,100,228,297,477,1434,1199,1884,2013,,,83942,2660,4781,,,,
272,23/11/2020,23/11/2020 00:00,264802,137621,25503,90035,5237,4805,810,791,,4044,176827,3971,3241,498,,,82025,,,,6227,6704,11623,11214,21988,19163,21900,18122,24693,19022,21739,16694,12988,11928,8417,7539,13298,6529,,,,,,,143055,116915,1857,509,1447,98,43,15,2,,,,,,,,,,1,0,0,0,2,2,3,3,14,23,34,84,100,231,304,491,1457,1222,1915,2056,,,84004,2743,4832,,,,
273,24/11/2020,24/11/2020 00:00,268721,139905,25949,91053,5320,4870,828,796,,3919,184233,4056,3275,506,,,82160,,,,6362,6817,11791,11418,22441,19395,22230,18392,25085,19322,22073,16946,13188,12098,8552,7658,13469,6603,,,,,,,145191,118649,1907,521,1467,101,43,15,2,,,,,,,,,,1,0,0,0,2,2,3,3,14,23,34,85,102,239,308,499,1497,1244,1961,2095,,,80432,2769,4881,,,,
274,25/11/2020,25/11/2020 00:00,274011,143129,26455,92230,5576,4951,844,826,,5290,189356,4127,3251,517,,,81946,,,,6518,6966,12406,11687,22829,19695,22619,18723,25599,19695,22548,17285,13464,12385,8737,7822,13725,6731,,,,,,,148085,120989,1942,531,1492,102,43,15,2,,,,,,,,,,1,0,0,0,2,2,3,3,14,23,34,88,104,244,315,510,1520,1264,1993,2134,,,80528,2734,4937,,,,
275,26/11/2020,26/11/2020 00:00,280394,146543,27419,94012,5663,5036,879,842,,6383,193944,4209,3192,516,,,81367,,,,6727,7177,12400,12017,23301,20123,23119,19131,26208,20152,23070,17666,13819,12692,8940,7989,13990,6873,,,,,,,151574,123820,1985,537,1518,106,44,17,2,,,,,,,,,,1,0,0,0,2,2,3,3,15,24,34,89,105,247,326,524,1542,1292,2028,2181,,,82241,2676,5000,,,,
276,27/11/2020,27/11/2020 00:00,285838,149704,28050,95392,5799,5126,914,853,,5444,199446,4276,3208,526,,,80713,,,,6885,7341,12670,12326,23682,20498,23520,19486,26733,20537,23453,18006,14091,12949,9126,8148,14261,6995,,,,,,,154511,126286,2024,545,1533,108,47,17,2,,,,,,,,,,1,0,0,0,2,2,3,3,15,24,35,90,106,250,332,533,1569,1311,2063,2213,,,82116,2682,5041,,,,
277,28/11/2020,28/11/2020 00:00,290706,152200,28825,96705,5926,5220,953,877,,4868,206275,4363,3155,529,,,80485,,,,7031,7510,12914,12576,24037,20793,23892,19778,27197,20839,23905,18330,14347,13182,9283,8271,14579,7151,,,,,,,157185,128430,2066,556,1562,112,48,17,2,,,,,,,,,,1,0,0,0,2,2,3,3,15,26,36,92,108,258,340,549,1590,1338,2095,2268,,,80068,2626,5091,,,,
278,29/11/2020,29/11/2020 00:00,294799,154690,29269,97684,6010,5269,990,887,,4093,209534,4427,3245,536,,,80288,,,,7180,7647,13111,12809,24352,21046,24209,20031,27596,21084,24255,18566,14549,13383,9444,8398,14792,7229,,,,,,,159488,130193,2097,564,1584,114,49,17,2,,,,,,,,,,1,0,0,0,2,2,3,3,15,27,36,95,110,261,345,555,1613,1359,2125,2302,,,80838,2709,5118,,,,
279,30/11/2020,30/11/2020 00:00,298061,156485,29676,98523,6158,5303,1022,894,,3262,212942,4505,3342,525,,,81477,,,,7309,7734,13286,12972,24573,21244,24456,20186,27900,21304,24506,18754,14729,13527,9569,8512,15010,7331,,,,,,,161338,131564,2139,570,1612,116,49,17,2,,,,,,,,,,1,0,0,0,2,2,3,4,15,27,37,97,111,269,354,565,1638,1380,2161,2344,,,80614,2817,5159,,,,
280,01/12/2020,01/12/2020 00:00,300462,157785,30025,99061,6287,5351,1039,914,,2401,220877,4577,3275,521,,,79963,,,,7371,7791,13418,13084,24727,21363,24644,20315,28122,21468,24719,18902,14876,13648,9659,8599,15164,7411,,,,,,,162700,132581,2182,583,1623,119,51,17,2,,,,,,,,,,1,0,0,0,3,2,4,4,15,28,37,98,112,273,360,574,1666,1400,2198,2379,,,75008,2754,5181,,,,
281,02/12/2020,02/12/2020 00:00,303846,159642,30426,100000,6372,5425,1061,920,,3384,223446,4645,3338,525,,,78815,,,,7475,7915,13603,13243,25000,21554,24920,20512,28484,21729,25003,19100,15029,13797,9757,8692,15330,7500,,,,,,,164601,134042,2218,590,1646,121,51,17,2,,,,,,,,,,1,0,0,0,3,2,4,4,15,30,37,98,112,277,362,590,1691,1419,2225,2420,,,75755,2813,5203,,,,
282,03/12/2020,03/12/2020 00:00,307618,161886,30870,100960,6426,5456,1096,924,,3772,229018,4724,3330,525,,,77988,,,,7574,8022,13784,13394,25276,21777,25184,20754,28846,21986,25336,19325,15220,13891,9907,8826,15580,7610,,,,,,,166707,135675,2255,607,1671,121,51,17,2,,,,,,,,,,1,0,0,0,3,2,4,4,15,30,37,101,113,283,368,601,1721,1441,2262,2462,,,73876,2805,5236,,,,
283,04/12/2020,04/12/2020 00:00,312553,164463,31496,102468,6537,5529,1122,938,,4935,234038,4803,3295,526,,,77643,,,,7735,8161,14055,13632,25601,22093,25585,21066,29355,22346,25728,19637,15461,14195,10088,8956,15851,7731,,,,,,,169459,137817,2300,621,1686,122,54,18,2,,,,,,,,,,1,0,0,0,3,2,4,4,15,30,37,102,114,286,377,607,1750,1471,2301,2502,,,73712,2769,5277,,,,
284,05/12/2020,05/12/2020 00:00,318640,167463,32362,104448,6643,5617,1149,958,,6087,240203,4876,3229,517,,,77197,,,,7886,8321,14321,13931,26053,22486,26023,21416,29845,22686,26112,19966,15711,14429,10249,9113,16115,7885,,,,,,,172315,140233,2343,629,1706,123,55,18,2,,,,,,,,,,1,0,0,0,3,2,4,4,15,30,37,102,118,297,382,621,1771,1489,2331,2545,,,73561,2712,6092,,,,
285,06/12/2020,06/12/2020 00:00,322474,169721,32862,105221,6858,5679,1171,962,,3834,243055,4963,3268,514,,,77420,,,,8023,8459,14494,14132,26312,22672,26307,21611,30233,22943,26405,20190,15887,14608,10394,9241,16406,8023,,,,,,,174461,141879,2393,643,1727,125,55,18,2,,,,,,,,,,1,0,0,0,3,2,4,4,16,30,37,105,120,301,386,631,1804,1519,2371,2592,,,74456,2754,6134,,,,
286,07/12/2020,07/12/2020 00:00,325071,170952,33154,106138,6950,5714,1192,971,,2597,245843,5041,3367,513,,,77498,,,,8101,8536,14608,14240,26491,22815,26490,21763,30486,23127,26600,20340,16014,14730,10495,9354,16608,8121,,,,,,,175893,143026,2431,657,1751,127,55,18,2,,,,,,,,,,1,0,0,0,3,2,4,5,16,30,38,106,123,304,390,639,1826,1554,2401,2640,,,74187,2854,6152,,,,
287,08/12/2020,08/12/2020 00:00,327976,172536,33572,106896,6990,5789,1207,986,,2905,252428,5122,3263,499,,,77765,,,,8176,8609,14720,14342,26711,23000,26702,21930,30698,23319,26851,20532,16160,14896,10606,9448,16867,8224,,,,,,,177491,144300,2475,670,1773,128,55,19,2,,,,,,,,,,1,0,0,0,3,2,4,5,16,30,38,107,126,311,393,649,1858,1579,2439,2683,,,70426,2764,6185,,,,
288,09/12/2020,09/12/2020 00:00,332073,174612,34127,108053,7153,5886,1235,1007,,4097,254700,5192,3332,504,,,76405,,,,8297,8732,14930,14526,27009,23223,27024,22195,31059,23595,27181,20802,16360,15091,10766,9576,17155,8348,,,,,,,179781,146088,2505,683,1794,134,55,19,2,,,,,,,,,,1,0,0,0,3,2,4,5,16,30,38,107,126,317,394,662,1879,1608,2461,2731,,,72181,2828,6204,,,,
289,10/12/2020,10/12/2020 00:00,335207,175983,34571,109017,7420,5949,1254,1013,,3134,259548,5278,3304,509,,,75633,,,,8539,8966,15230,14828,27854,24387,27688,23013,31763,24339,27778,21323,16731,15474,11038,9795,17708,8620,,,,,,,184329,150745,2537,697,1831,136,56,19,2,,,,,,,,,,1,0,0,0,3,2,4,5,16,30,39,108,128,319,405,668,1907,1643,2503,2775,,,70381,2795,133,,,,
290,11/12/2020,11/12/2020 00:00,340287,178378,35358,110635,7613,6015,1270,1018,,5080,263648,5373,3230,507,,,74894,,,,8685,9097,15501,15070,28231,24722,28074,23330,32231,24684,28210,21619,16980,15736,11231,9950,18055,8747,,,,,,,187198,152955,2578,713,1863,138,58,20,3,,,,,,,,,,1,0,0,0,3,2,4,5,16,30,39,108,128,325,412,680,1954,1666,2557,2816,,,71266,2723,134,,,,
291,12/12/2020,12/12/2020 00:00,344700,180456,36096,111982,7743,6077,1301,1045,,4413,268453,5461,3093,503,,,73977,,,,8805,9217,15703,15294,28582,25051,28432,23626,32601,24992,28577,21900,17202,15927,11363,10091,18355,8849,,,,,,,189620,154947,2616,734,1889,141,58,20,3,,,,,,,,,,1,0,1,0,3,2,4,5,16,30,41,109,130,329,419,694,1984,1693,2599,2862,,,70786,2590,133,,,,
292,13/12/2020,13/12/2020 00:00,348744,182599,36616,113094,7905,6143,1335,1052,,4044,271322,5559,3157,513,,,74012,,,,8918,9321,15927,15511,28923,25300,28731,23891,32947,25261,28918,22151,17426,16095,11530,10234,18573,8954,,,,,,,191893,156718,2659,752,1919,145,59,20,5,,,,,,,,,,1,0,1,0,3,2,5,6,16,30,41,109,130,333,423,707,2025,1727,2645,2914,,,71863,2644,133,,,,
293,14/12/2020,14/12/2020 00:00,350938,183535,36871,113871,8006,6182,1397,1076,,2194,274277,5649,3254,513,,,76723,,,,8985,9376,16027,15619,29069,25436,28901,24044,33128,25398,29100,22285,17546,16192,11619,10305,18727,9048,,,,,,,193102,157703,2688,776,1951,148,61,20,5,,,,,,,,,,1,0,1,0,3,2,6,6,18,31,42,109,132,337,428,718,2064,1751,2695,2954,,,71012,2741,133,,,,
294,15/12/2020,15/12/2020 00:00,353576,184883,37307,114553,8065,6224,1441,1103,,2638,280038,5733,3206,506,,,74572,,,,9051,9448,16100,15732,29294,25625,29128,24191,33345,25590,29340,22429,17687,16332,11718,10390,18899,9147,,,,,,,194562,158884,2724,794,1977,151,61,20,6,,,,,,,,,,1,0,1,0,3,2,6,6,18,31,42,110,135,340,435,731,2097,1775,2738,2995,,,67805,2700,130,,,,
295,16/12/2020,16/12/2020 00:00,358296,187065,38147,115928,8242,6318,1477,1119,,4720,283719,5815,3181,486,,,74290,,,,9190,9581,16326,15949,29683,25932,29452,24474,33763,25953,29722,22727,17966,16567,11910,10554,19145,9272,,,,,,,197157,161009,2759,808,2007,153,62,20,6,,,,,,,,,,1,0,1,0,3,2,6,6,19,33,44,112,138,343,441,743,2125,1798,2778,3037,,,68762,2695,130,,,,
296,17/12/2020,17/12/2020 00:00,362616,189057,38878,117216,8411,6391,1509,1154,,4320,287028,5902,3142,494,,,76451,,,,9303,9712,16526,16158,30004,26234,29754,24739,34130,26253,30076,22991,18199,16782,12065,10695,19461,9402,,,,,,,199518,162966,2799,823,2035,156,62,20,7,,,,,,,,,,1,0,1,0,3,2,6,6,19,34,45,112,140,347,447,750,2164,1825,2826,3076,,,69686,2648,132,,,,
297,18/12/2020,18/12/2020 00:00,366952,191058,39552,118576,8606,6458,1530,1172,,4336,290690,5977,3061,484,,,77432,,,,9434,9849,16742,16350,30310,26504,30063,25004,34486,26516,30477,23262,18448,17017,12252,10834,19729,9543,,,,,,,201941,164879,2830,835,2062,160,62,21,7,,,,,,,,,,1,0,1,1,3,2,6,6,19,35,46,112,141,352,456,760,2192,1844,2865,3112,,,70285,2577,132,,,,
298,19/12/2020,19/12/2020 00:00,370787,192547,40348,119745,8862,6526,1551,1208,,3835,294814,6063,2973,485,,,79503,,,,9557,9962,16913,16528,30571,26766,30365,25259,34803,26770,30801,23503,18662,17180,12394,10967,19975,9675,,,,,,,204041,166610,2873,845,2091,162,63,21,8,,,,,,,,,,1,0,1,1,3,2,6,6,19,36,46,113,142,363,464,769,2224,1867,2906,3157,,,69910,2488,136,,,,
299,20/12/2020,20/12/2020 00:00,374121,194052,40891,120724,9068,6589,1558,1239,,3334,297233,6134,3027,483,,,82591,,,,9683,10051,17068,16676,30813,26958,30637,25451,35126,26991,31065,23730,18838,17337,12513,11064,20210,9774,,,,,,,205953,168032,2898,866,2113,164,64,21,8,,,,,,,,,,1,0,1,1,3,2,6,6,19,36,46,113,146,365,470,779,2250,1890,2942,3192,,,70754,2544,136,,,,
300,21/12/2020,21/12/2020 00:00,376220,194910,41243,121435,9173,6623,1581,1255,,2099,299603,6191,3158,502,,,85149,,,,9734,10110,17171,16774,30974,27076,30799,25576,35309,27132,31235,23865,18952,17452,12599,11132,20361,9832,,,,,,,207134,168949,2926,872,2130,169,64,21,9,,,,,,,,,,1,0,1,1,3,2,6,6,19,36,46,115,146,366,473,785,2273,1912,2968,3223,,,70426,2656,137,,,,
301,22/12/2020,22/12/2020 00:00,378656,195957,41671,122074,9405,6661,1594,1294,,2436,304825,6254,3095,508,,,86334,,,,9778,10176,17272,16869,31164,27212,31002,25713,35539,27317,31454,24021,19098,17593,12673,11218,20504,9916,,,,,,,208484,170035,2941,889,2156,173,64,21,10,,,,,,,,,,1,0,1,1,3,2,6,6,19,38,48,115,148,366,477,794,2293,1936,2996,3258,,,67577,2587,137,,,,
302,23/12/2020,23/12/2020 00:00,383258,197768,42462,123541,9727,6812,1616,1332,,4602,308446,6343,2990,511,,,87043,,,,9888,10321,17455,17074,31483,27502,31358,25997,35959,27668,31844,24329,19320,17834,12855,11373,20807,10054,,,,,,,210969,172152,2973,903,2196,176,64,21,10,,,,,,,,,,1,0,1,1,3,2,6,6,19,38,49,116,148,369,484,809,2333,1958,3044,3299,,,68469,2479,137,,,,
303,24/12/2020,24/12/2020 00:00,387636,199720,43272,124812,9927,6906,1633,1366,,4378,312533,6413,2853,505,,,88978,,,,9998,10470,17625,17277,31800,27793,31675,26265,36360,27980,32177,24630,19583,18054,13039,11524,21083,10165,,,,,,,213340,174158,3001,916,2220,180,64,21,11,,,,,,,,,,1,0,1,1,3,2,6,6,20,38,49,117,150,373,490,818,2361,1977,3081,3332,,,68690,2348,138,,,,
304,25/12/2020,25/12/2020 00:00,391782,201417,43892,126275,10128,7031,1662,1377,,4146,315126,6478,2754,504,,,90093,,,,10127,10607,17810,17451,32090,28039,32006,26525,36766,28287,32519,24895,19789,18268,13195,11670,21319,10281,,,,,,,215621,176023,3030,926,2243,183,64,21,11,,,,,,,,,,1,0,1,1,3,2,6,6,20,38,50,120,151,377,494,825,2380,2003,3106,3372,,,70178,2250,138,,,,
305,26/12/2020,26/12/2020 00:00,392996,201868,44040,126713,10213,7074,1683,1405,,1214,316671,6556,2790,513,,,90318,,,,10160,10634,17866,17508,32184,28119,32088,26596,36870,28383,32614,24986,19854,18346,13243,11706,21373,10328,,,,,,,216252,176606,3060,934,2275,190,65,21,11,,,,,,,,,,1,0,1,1,3,2,6,6,20,38,50,122,151,383,501,831,2413,2027,3146,3410,,,69769,2277,138,,,,
306,27/12/2020,27/12/2020 00:00,394573,202585,44319,127177,10245,7112,1693,1442,,1577,319746,6619,2870,504,,,92069,,,,10196,10688,17925,17578,32292,28215,32210,26696,37023,28520,32747,25099,19948,18421,13305,11753,21438,10381,,,,,,,217084,177351,3083,945,2299,194,65,21,12,,,,,,,,,,1,0,1,1,3,2,6,6,20,38,50,122,152,388,507,843,2435,2044,3175,3444,,,68208,2366,138,,,,
307,28/12/2020,28/12/2020 00:00,396666,203492,44615,127846,10346,7169,1722,1476,,2093,321682,6677,2967,503,,,93136,,,,10239,10741,18028,17669,32457,28355,32371,26823,37215,28682,32921,25244,20042,18538,13395,11826,21545,10436,,,,,,,218213,178314,3102,959,2319,196,68,21,12,,,,,,,,,,1,0,1,1,3,2,6,6,20,38,51,123,153,392,512,847,2454,2067,3201,3476,,,68307,2464,139,,,,
308,29/12/2020,29/12/2020 00:00,400002,204986,45243,128841,10398,7259,1749,1526,,3336,327794,6751,2930,486,,,91141,,,,10324,10812,18145,17806,32723,28621,32627,27065,37516,28957,33210,25478,20234,18729,13503,11946,21674,10493,,,,,,,219956,179907,3126,968,2352,202,69,22,12,,,,,,,,,,1,0,1,1,3,3,6,6,20,38,52,125,155,396,516,862,2480,2086,3234,3517,,,65457,2444,139,,,,
309,30/12/2020,30/12/2020 00:00,406051,207376,46306,130938,10599,7479,1796,1557,,6049,331016,6830,2896,487,,,91090,,,,10487,10944,18439,18082,33195,29030,33135,27509,38101,29400,33693,25490,20522,19015,13714,12111,21943,10647,,,,,,,223229,182678,3157,980,2377,211,71,22,12,,,,,,,,,,1,0,1,1,3,3,6,6,20,38,53,125,159,397,521,870,2513,2113,3277,3553,,,68205,2409,144,,,,
310,31/12/2020,31/12/2020 00:00,413678,209964,47721,133739,11123,7698,1832,1601,,7627,334276,6906,2840,482,,,88534,,,,10693,11126,18831,18389,33809,29568,33749,28011,38828,29944,34341,26409,20895,19353,13995,12323,22438,10830,,,,,,,227579,185953,3194,996,2392,218,71,22,13,,,,,,,,,,1,0,1,1,3,3,6,7,20,39,54,128,160,402,526,879,2547,2129,3318,3588,,,72496,2358,146,,,,
311,01/01/2021,01/01/2021 00:00,420629,212709,49195,135870,11431,7897,1885,1642,,6951,338668,6972,2806,483,,,91527,,,,10872,11303,19187,18690,34387,30008,34322,28494,39419,30412,34948,26864,21273,19682,14242,12529,22815,11034,,,,,,,231465,189016,3222,1006,2415,221,72,22,14,,,,,,,,,,1,0,1,1,3,3,6,7,20,39,54,129,162,408,532,889,2570,2147,3349,3623,,,74989,2323,148,,,,
312,02/01/2021,02/01/2021 00:00,423870,213813,49642,137288,11528,8015,1913,1671,,3241,340150,7045,2858,492,,,91892,,,,10957,11389,19309,18830,34640,30253,34592,28743,39710,30623,35195,27066,21450,19849,14366,12651,22967,11133,,,,,,,233186,190537,3244,1020,2443,230,72,22,14,,,,,,,,,,1,0,1,1,3,3,6,7,20,40,55,131,164,412,539,897,2591,2174,3380,3665,,,76675,2366,147,,,,
313,03/01/2021,03/01/2021 00:00,427254,215031,50247,138520,11683,8148,1929,1696,,3384,342535,7118,3044,500,,,94394,,,,11040,11477,19444,18962,34894,30471,34828,28961,39998,30874,35511,27283,21630,20015,14509,12775,23194,11240,,,,,,,235048,192058,3261,1030,2479,239,73,22,14,,,,,,,,,,1,0,1,1,3,3,6,8,21,40,55,133,164,419,543,911,2615,2194,3409,3709,,,77601,2544,148,,,,
314,04/01/2021,04/01/2021 00:00,431623,216601,50891,139957,12066,8336,2018,1754,,4369,344419,7196,3171,510,,,94749,,,,11141,11594,19632,19143,35217,30732,35167,29244,40379,31218,35874,27568,21851,20247,14666,12942,23470,11386,,,,,,,237397,194074,3279,1045,2512,249,74,22,15,,,,,,,,,,1,0,1,1,3,3,6,8,22,40,56,136,166,425,549,917,2644,2218,3448,3748,,,80008,2661,152,,,,
315,05/01/2021,05/01/2021 00:00,436579,218546,51736,141509,12376,8529,2057,1826,,4956,349110,7286,3260,512,,,96577,,,,11243,11692,19859,19328,35629,31047,35586,29582,40871,31602,36277,27885,22131,20476,14844,13118,23724,11530,,,,,,,240164,196260,3312,1062,2536,263,75,22,16,,,,,,,,,,1,0,1,1,3,3,7,8,22,40,58,138,173,432,551,927,2677,2244,3493,3793,,,80183,2748,155,,,,
316,06/01/2021,06/01/2021 00:00,446606,222403,53668,144842,12815,8836,2164,1878,,10027,352225,7377,3293,513,,,100103,,,,11504,11918,20354,19820,36512,31750,36412,30272,41737,32352,37106,28524,22640,20951,15167,13405,24219,11806,,,,,,,245651,200798,3346,1076,2563,278,76,22,16,,,,,,,,,,1,0,1,1,3,3,7,8,22,40,58,139,178,437,556,945,2708,2270,3534,3843,,,87004,2780,157,,,,
317,07/01/2021,07/01/2021 00:00,456533,225957,55523,148343,13389,9184,2232,1905,,9927,355701,7472,3333,514,,,103771,,,,11738,12156,20856,20316,37329,32460,37213,30926,42658,33050,37923,29139,23143,21406,15529,13666,24777,12089,,,,,,,251166,205208,3373,1093,2601,288,79,22,16,,,,,,,,,,1,0,1,1,3,3,7,8,22,41,58,141,179,441,563,963,2746,2294,3580,3892,,,93360,2819,159,,,,
318,08/01/2021,08/01/2021 00:00,466709,228926,57486,152634,13822,9584,2287,1970,,10176,360181,7590,3451,536,,,109161,,,,11994,12415,21370,20815,38182,33240,37996,31634,43539,33764,38746,29790,23678,21907,15886,13945,25320,12330,,,,,,,256711,209840,3407,1119,2645,297,82,22,18,,,,,,,,,,1,0,1,1,3,3,7,8,24,44,60,143,179,447,569,982,2790,2328,3634,3956,,,98938,2915,158,,,,
319,09/01/2021,09/01/2021 00:00,476187,232303,59560,155643,14404,9910,2354,2013,,9478,366080,7701,3555,540,,,113526,,,,12217,12647,21849,21262,38926,33921,38695,32264,44397,34407,39470,30384,24202,22375,16237,14251,25908,12611,,,,,,,261901,214122,3436,1144,2689,308,84,22,18,,,,,,,,,,1,0,1,1,3,3,7,8,26,44,61,144,183,455,577,1001,2828,2358,3687,4014,,,102406,3015,164,,,,
320,10/01/2021,10/01/2021 00:00,483689,234903,60922,158395,14777,10195,2417,2080,,7502,369108,7803,3770,558,,,117210,,,,12414,12880,22205,21620,39500,34458,39266,32757,45014,34935,40073,30872,24621,22735,16506,14479,26387,12802,,,,,,,265986,217538,3463,1169,2728,315,88,22,18,,,,,,,,,,1,0,1,1,3,3,7,8,26,45,63,145,185,459,583,1018,2863,2392,3732,4071,,,106778,3212,165,,,,
321,11/01/2021,11/01/2021 00:00,489293,236401,61919,160553,15296,10428,2555,2141,,5604,372056,7925,3983,567,,,120292,,,,12551,13047,22477,21875,39947,34851,39700,33094,45504,35330,40522,31217,24937,23007,16701,14644,26751,12974,,,,,,,269090,220039,3497,1197,2775,324,92,22,18,,,,,,,,,,1,0,1,1,3,3,7,8,26,46,63,147,189,469,597,1035,2907,2422,3794,4131,,,109312,3416,164,,,,
322,12/01/2021,12/01/2021 00:00,496552,238581,63048,163754,15730,10571,2656,2212,,7259,378084,8080,4043,599,,,125296,,,,12699,13225,22816,22215,40545,35334,40252,33562,46145,35833,41096,31709,25372,23419,16989,14899,27106,13169,,,,,,,273020,223365,3533,1233,2843,336,93,22,20,,,,,,,,,,1,0,1,1,3,3,7,8,26,47,63,151,195,480,609,1048,2972,2465,3877,4203,,,110388,3444,167,,,,
323,13/01/2021,13/01/2021 00:00,507108,242209,65184,167547,16205,10982,2725,2256,,10556,382544,8236,4240,596,,,130887,,,,12998,13524,23308,22723,41364,36004,41072,34299,47163,36554,41999,32376,25933,23978,17353,15208,27657,13428,,,,,,,278847,228094,3569,1269,2910,347,99,22,20,,,,,,,,,,1,0,1,1,3,3,7,9,26,49,64,155,197,490,618,1060,3030,2522,3947,4289,,,116328,3644,167,,,,
324,14/01/2021,14/01/2021 00:00,517806,245670,67312,171618,16725,11382,2782,2317,,10698,387607,8384,4368,611,,,138992,,,,13321,13843,23790,23240,42134,36694,41868,34952,48183,37333,42892,33046,26465,24526,17753,15540,28283,13774,,,,,,,284689,232948,3604,1298,2981,356,101,22,22,,,,,,,,,,1,0,1,1,3,3,7,9,27,52,65,157,203,504,638,1074,3079,2560,4024,4360,,,121815,3757,169,,,,
325,15/01/2021,15/01/2021 00:00,528469,248965,69353,175898,17302,11710,2831,2410,,10663,394065,8543,4560,622,,,142740,,,,13662,14197,24359,23749,42867,37445,42656,35633,49193,38109,43779,33768,26959,25013,18129,15889,28838,14050,,,,,,,290442,237853,3639,1332,3046,371,111,22,22,,,,,,,,,,1,0,1,1,3,3,7,9,27,53,65,160,209,511,649,1096,3146,2602,4108,4435,,,125861,3938,174,,,,
326,16/01/2021,16/01/2021 00:00,539416,252760,71489,179873,17812,12112,2881,2489,,10947,402542,8709,4653,638,,,155401,,,,13994,14546,24944,24342,43649,38146,43486,36284,50221,38925,44686,34496,27481,25519,18511,16252,29407,14349,,,,,,,296379,242859,3685,1360,3115,388,116,22,23,,,,,,,,,,1,0,1,1,3,3,8,9,27,54,65,165,212,524,664,1116,3202,2654,4183,4526,,,128165,4015,178,,,,
327,17/01/2021,17/01/2021 00:00,549801,256208,73351,184063,18200,12460,2912,2607,,10385,406929,8861,4889,647,,,161120,,,,14318,14909,25534,24887,44378,38737,44231,36904,51206,39693,45499,35086,28072,26002,18838,16579,30109,14640,,,,,,,302185,247437,3718,1402,3174,400,119,22,26,,,,,,,,,,1,0,1,1,3,3,9,9,27,54,66,167,215,530,677,1142,3254,2702,4253,4608,,,134011,4242,179,,,,
328,18/01/2021,18/01/2021 00:00,556503,258317,74568,186706,18458,12699,3011,2744,,6702,411589,9028,5165,664,,,166235,,,,14541,15132,25868,25258,44845,39168,44765,37323,51822,40187,46013,35507,28410,26344,19052,16800,30463,14826,,,,,,,305779,250545,3760,1440,3244,414,122,22,26,,,,,,,,,,1,0,1,1,3,4,11,9,28,54,68,168,220,537,682,1159,3318,2764,4332,4696,,,135886,4501,179,,,,
329,19/01/2021,19/01/2021 00:00,566958,261287,76173,191718,18989,12897,3050,2844,,10455,421871,9246,5291,670,,,174355,,,,14819,15385,26302,25716,45542,39770,45585,37960,52820,40996,46914,36193,28953,26907,19404,17149,31211,15150,,,,,,,311550,255226,3811,1495,3332,431,127,22,28,,,,,,,,,,1,0,1,1,3,4,11,11,28,54,71,172,225,548,692,1191,3407,2826,4439,4807,,,135841,4621,182,,,,
330,20/01/2021,20/01/2021 00:00,581605,266384,78953,197311,19592,13356,3093,2916,,14647,428364,9465,5493,681,,,184034,,,,15213,15808,27009,26457,46504,40617,46790,38886,54253,42116,48117,37151,29696,27592,19930,17613,32048,15622,,,,,,,319560,261862,3866,1539,3430,447,132,22,29,,,,,,,,,,1,0,1,1,3,5,11,12,29,56,72,176,229,561,715,1213,3480,2900,4541,4924,,,143776,4812,183,,,,
331,21/01/2021,21/01/2021 00:00,595149,270894,81492,202712,20230,13711,3116,2994,,13544,434237,9686,5630,702,,,192900,,,,15642,16253,27712,27213,47389,41400,47806,39721,55606,43155,49260,38062,30400,28230,20353,18016,32719,16024,,,,,,,326887,268074,3919,1598,3515,463,140,22,29,,,,,,,,,,1,0,1,1,3,5,12,12,29,57,73,183,234,575,734,1241,3566,2959,4653,5033,,,151226,4928,188,,,,
332,22/01/2021,22/01/2021 00:00,609136,275164,84162,208695,20721,14170,3146,3078,,13987,441556,9920,5779,715,,,200730,,,,16084,16725,28428,27996,48351,42251,48895,40617,56926,44230,50419,39009,31120,28852,20814,18420,33434,16374,,,,,,,334471,274474,3965,1646,3626,482,148,22,31,,,,,,,,,,1,0,1,1,3,5,12,12,29,58,73,184,238,587,751,1277,3653,3035,4761,5159,,,157660,5064,191,,,,
333,23/01/2021,23/01/2021 00:00,624469,280156,87095,214830,21372,14641,3180,3195,,15333,451324,10194,5922,720,,,206232,,,,16581,17185,29212,28831,49364,43160,50100,41564,58379,45443,51755,40036,31920,29612,21291,18885,34189,16771,,,,,,,342791,281487,4020,1711,3748,505,157,22,31,,,,,,,,,,1,0,1,1,3,5,12,12,29,59,74,191,244,610,771,1318,3746,3117,4881,5313,,,162951,5202,191,,,,
334,24/01/2021,24/01/2021 00:00,636190,284344,89314,218997,21995,15065,3229,3246,,11721,456491,10469,6117,742,,,210664,,,,16937,17594,29813,29434,50194,43836,50909,42304,59540,46349,52707,40815,32549,30187,21674,19217,34809,17128,,,,,,,349132,286864,4077,1765,3873,535,165,22,32,,,,,,,,,,1,0,1,1,3,5,12,12,30,59,75,195,252,625,794,1356,3848,3200,5016,5453,,,169230,5375,194,,,,
335,25/01/2021,25/01/2021 00:00,643113,286319,90357,222108,22385,15326,3260,3358,,6923,461757,10721,6420,767,,,212711,,,,17186,17843,30171,29777,50652,44246,51428,42732,60180,46871,53264,41268,32912,30542,21920,19457,35129,17340,,,,,,,352842,290076,4131,1821,3986,556,172,22,33,,,,,,,,,,1,0,1,1,3,5,12,12,31,59,76,199,257,650,807,1393,3944,3270,5132,5589,,,170635,5653,195,,,,
336,26/01/2021,26/01/2021 00:00,653878,289212,91764,227893,22724,15529,3284,3472,,10765,475485,11012,6472,765,,,215770,,,,17500,18170,30661,30262,51392,44869,52250,43412,61225,47733,54134,42047,33496,31101,22299,19840,35679,17608,,,,,,,358636,295042,4199,1876,4131,571,178,23,34,,,,,,,,,,1,0,1,1,3,5,12,13,32,61,81,205,261,668,831,1428,4049,3360,5271,5741,,,167381,5707,200,,,,
337,27/01/2021,27/01/2021 00:00,668951,293171,94073,235498,23208,16029,3309,3663,,15073,484753,11305,6603,783,,,220256,,,,17938,18639,31374,31014,52349,45711,53416,44308,62758,48920,55405,43159,34315,31879,22850,20323,36427,17963,,,,,,,366832,301916,4258,1942,4267,597,183,24,34,,,,,,,,,,1,0,1,1,3,5,12,13,35,63,82,207,267,679,867,1469,4136,3464,5404,5901,,,172893,5820,203,,,,
338,28/01/2021,28/01/2021 00:00,685383,297228,96809,244119,23737,16356,3376,3758,,16432,493699,11608,6565,782,,,223150,,,,18511,19229,32190,31842,53452,46695,54630,45285,64274,50203,56731,44241,35294,32703,23390,20841,37292,18370,,,,,,,375764,309409,4318,2008,4409,620,193,24,36,,,,,,,,,,1,0,1,1,4,5,12,14,36,65,84,211,278,694,889,1504,4242,3567,5547,6061,,,180076,5783,210,,,,
339,29/01/2021,29/01/2021 00:00,698583,300426,98651,251242,24223,16737,3441,3863,,13200,504886,11886,6627,806,,,225507,,,,18893,19657,32832,32553,54308,47443,55579,46102,65527,51192,57896,45112,36018,33419,23885,21222,38009,18714,,,,,,,382947,315414,4388,2061,4546,634,196,24,37,,,,,,,,,,1,0,1,1,4,5,12,16,39,66,86,217,286,705,911,1540,4349,3647,5689,6197,,,181811,5821,222,,,,
340,30/01/2021,30/01/2021 00:00,711018,303581,101150,257203,24659,17005,3466,3954,,12435,518900,12179,6544,843,,,225365,,,,19261,20076,33408,33183,55112,48166,56472,46847,66733,52130,59012,45901,36737,34093,24350,21599,38664,19049,,,,,,,389749,321044,4453,2124,4682,651,205,24,40,,,,,,,,,,1,0,1,1,4,5,12,17,40,68,91,221,298,723,934,1564,4460,3739,5841,6338,,,179939,5701,225,,,,
341,31/01/2021,31/01/2021 00:00,720516,306232,102535,262037,24913,17238,3506,4055,,9498,526411,12482,6694,858,,,223991,,,,19620,20424,33906,33695,55708,48653,57140,47444,67630,52857,59808,46510,37247,34563,24696,21934,39152,19305,,,,,,,394907,325385,4501,2201,4835,667,210,25,43,,,,,,,,,,1,0,1,1,4,5,13,17,40,68,93,225,308,744,953,1593,4580,3836,5993,6489,,,181623,5836,224,,,,
342,01/02/2021,01/02/2021 00:00,726321,307412,103094,265407,25322,17443,3532,4111,,5805,534384,12757,6869,865,,,220353,,,,19815,20639,34184,33932,56082,48975,57536,47773,68161,53289,60302,46913,37575,34833,24930,22112,39546,19497,,,,,,,398131,327963,4546,2252,4984,688,219,25,43,,,,,,,,,,1,0,1,1,4,5,14,17,41,68,95,234,312,762,973,1636,4671,3922,6112,6645,,,179180,6004,227,,,,
343,02/02/2021,02/02/2021 00:00,731861,309008,104034,267927,25552,17569,3550,4221,,5540,551956,13017,6775,852,,,215536,,,,19959,20781,34433,34138,56392,49275,57905,48121,68663,53709,60767,47382,37902,35135,25148,22317,39912,19692,,,,,,,401081,330550,4611,2307,5100,705,226,25,43,,,,,,,,,,1,0,1,1,4,6,14,17,44,69,96,237,319,784,994,1667,4755,4008,6228,6789,,,166888,5923,230,,,,
344,03/02/2021,03/02/2021 00:00,740944,311373,105421,272471,25941,17836,3561,4341,,9083,563174,13257,6684,877,,,209261,,,,20231,21034,34878,34560,56960,49799,58584,48665,69533,54426,61471,47996,38462,35645,25480,22625,40427,19939,,,,,,,406026,334689,4654,2353,5230,721,230,25,44,,,,,,,,,,1,0,1,1,4,6,14,17,45,69,98,244,328,799,1012,1694,4849,4075,6352,6905,,,164513,5807,229,,,,
345,04/02/2021,04/02/2021 00:00,748858,313161,106539,276464,26284,18223,3582,4605,,7914,573934,13482,6496,863,,,204336,,,,20442,21252,35238,34913,57471,50276,59101,49127,70265,55004,62136,48578,38953,36049,25820,22915,40919,20166,,,,,,,410345,338280,4695,2391,5349,741,234,26,46,,,,,,,,,,1,0,1,1,4,6,14,17,46,69,99,247,335,814,1037,1726,4933,4132,6470,7012,,,161442,5633,233,,,,
346,05/02/2021,05/02/2021 00:00,755774,314865,107589,280114,26470,18425,3599,4712,,6916,585276,13740,6412,904,,,198263,,,,20613,21485,35576,35228,57924,50668,59589,49520,70920,55520,62666,49048,39363,36417,26125,23150,41339,20381,,,,,,,414115,341417,4734,2433,5491,766,244,26,46,,,,,,,,,,1,0,1,1,4,6,16,17,47,70,101,250,344,833,1056,1756,5026,4211,6596,7144,,,156758,5508,242,,,,
347,06/02/2021,06/02/2021 00:00,761906,316092,108549,283470,26785,18572,3605,4833,,6132,599593,13954,6158,891,,,192673,,,,20779,21662,35826,35472,58278,51006,60009,49852,71460,55985,63216,49452,39728,36771,26396,23360,41796,20611,,,,,,,417488,344171,4778,2481,5590,781,250,26,48,,,,,,,,,,1,1,1,1,4,6,16,18,49,73,101,253,352,846,1073,1785,5102,4272,6699,7255,,,148359,5267,247,,,,
348,07/02/2021,07/02/2021 00:00,765414,317049,109225,284905,26939,18714,3613,4969,,3508,606166,14158,6248,865,,,187440,,,,20862,21750,35993,35640,58489,51215,60233,50046,71763,56229,63510,49725,39940,36953,26537,23504,42047,20729,,,,,,,419374,345791,4817,2521,5690,794,260,26,50,,,,,,,,,,1,1,1,1,4,6,16,18,49,74,102,256,356,856,1092,1832,5162,4331,6783,7375,,,145090,5383,249,,,,
349,08/02/2021,08/02/2021 00:00,767919,317428,109402,286665,26999,18775,3623,5027,,2505,612921,14354,6344,877,,,180905,,,,20935,21823,36112,35726,58648,51369,60404,50209,71987,56425,63731,49896,40086,37108,26637,23590,42184,20801,,,,,,,420724,346947,4849,2559,5790,813,264,26,53,,,,,,,,,,1,1,1,1,4,6,16,18,51,76,105,262,359,867,1105,1859,5235,4387,6877,7477,,,140644,5467,248,,,,
350,09/02/2021,09/02/2021 00:00,770502,318077,109841,287879,27118,18863,3629,5095,,2583,628078,14557,6070,862,,,171554,,,,20983,21869,36197,35818,58813,51524,60605,50381,72191,56616,63936,50089,40216,37259,26751,23717,42369,20920,,,,,,,422061,348193,4884,2593,5905,829,265,27,54,,,,,,,,,,1,1,1,1,4,6,17,19,52,78,107,266,366,877,1119,1888,5312,4442,6979,7578,,,127867,5208,248,,,,
351,10/02/2021,10/02/2021 00:00,774889,319127,110616,290071,27303,18992,3638,5142,,4387,636859,14718,5829,853,,,162566,,,,21071,21986,36346,36009,59087,51746,60925,50638,72572,56939,64377,50369,40486,37503,26948,23868,42684,21080,,,,,,,424496,350138,4917,2624,5982,841,271,28,55,,,,,,,,,,1,1,1,1,4,6,18,19,54,78,107,267,374,887,1128,1915,5370,4487,7057,7661,,,123312,4976,255,,,,
352,11/02/2021,11/02/2021 00:00,778369,319836,111134,291917,27404,19140,3644,5294,,3480,645122,14885,5570,836,,,155298,,,,21142,22066,36474,36141,59324,51959,61158,50842,72864,57211,64683,50607,40739,37722,27116,23987,42901,21175,,,,,,,426401,351710,4956,2646,6068,852,277,28,58,,,,,,,,,,1,1,1,1,4,6,18,19,55,80,107,273,377,901,1143,1941,5420,4537,7126,7759,,,118362,4734,258,,,,
353,12/02/2021,12/02/2021 00:00,781223,320556,111561,293283,27546,19249,3660,5368,,2854,652739,15034,5230,846,,,149651,,,,21198,22119,36609,36260,59511,52153,61345,51019,73118,57423,64928,50788,40885,37884,27267,24094,43093,21268,,,,,,,427954,353008,4991,2678,6132,862,284,28,59,,,,,,,,,,1,1,1,1,4,6,18,20,55,80,107,275,382,906,1153,1964,5473,4587,7194,7840,,,113450,4384,261,,,,
354,13/02/2021,13/02/2021 00:00,784079,321233,112051,294723,27659,19319,3665,5429,,2856,661525,15183,4850,803,,,143173,,,,21267,22186,36734,36383,59711,52352,61544,51217,73338,57613,65175,50992,41054,38032,27389,24191,43280,21357,,,,,,,429492,354323,5012,2703,6212,874,295,28,59,,,,,,,,,,1,1,1,1,4,6,19,20,57,80,110,277,388,920,1164,1989,5522,4623,7266,7917,,,107371,4047,264,,,,
355,14/02/2021,14/02/2021 00:00,785756,321817,112296,295431,27717,19368,3671,5456,,1677,665316,15321,4826,795,,,139402,,,,21313,22226,36822,36461,59813,52459,61642,51316,73469,57736,65308,51114,41162,38121,27458,24239,43412,21423,,,,,,,430399,355095,5032,2730,6287,885,300,28,59,,,,,,,,,,1,1,1,1,4,6,19,20,57,81,111,278,394,934,1182,2006,5558,4667,7327,7994,,,105119,4031,262,,,,
356,15/02/2021,15/02/2021 00:00,787059,322105,112394,296210,27787,19398,3671,5494,,1303,668854,15411,4832,784,,,131521,,,,21356,22250,36872,36506,59909,52532,61721,51403,73582,57826,65412,51199,41228,38212,27533,24294,43497,21465,,,,,,,431110,355687,5050,2745,6335,888,306,28,59,,,,,,,,,,1,1,1,1,5,6,19,20,58,83,112,281,396,938,1194,2016,5584,4695,7370,8041,,,102794,4048,262,,,,
357,16/02/2021,16/02/2021 00:00,788561,322511,112694,296820,27852,19472,3672,5540,,1502,677719,15522,4482,752,,,123180,,,,21367,22265,36932,36562,60015,52623,61812,51524,73700,57931,65537,51315,41330,38296,27606,24362,43596,21523,,,,,,,431895,356401,5070,2765,6394,898,308,28,59,,,,,,,,,,1,1,1,1,5,6,19,20,58,83,116,286,399,944,1205,2030,5621,4726,7425,8097,,,95320,3730,265,,,,
358,17/02/2021,17/02/2021 00:00,790885,322993,113061,298044,27960,19573,3680,5574,,2324,683061,15649,4137,719,,,114681,,,,21439,22314,37032,36654,60160,52762,61987,51677,73882,58103,65736,51478,41459,38408,27694,24460,43767,21606,,,,,,,433156,357462,5092,2786,6465,905,314,28,59,,,,,,,,,,1,1,1,1,5,6,19,20,58,84,117,289,401,954,1219,2050,5660,4763,7481,8168,,,92175,3418,267,,,,
359,18/02/2021,18/02/2021 00:00,792829,323482,113348,299013,28019,19629,3696,5642,,1944,687462,15754,3819,688,,,107553,,,,21488,22364,37116,36743,60287,52881,62136,51824,74022,58243,65891,51596,41574,38508,27805,24533,43882,21661,,,,,,,434201,358353,5112,2803,6521,911,320,28,59,,,,,,,,,,1,1,1,1,5,6,19,20,58,85,119,294,407,963,1229,2068,5694,4783,7533,8221,,,89613,3131,275,,,,